id;nome;email;senha
1;Buckinghamshire transmitting;Dino80@gmail.com;synthesize
2;Kids;Rafaela73@hotmail.com;iterate
3;Leone Dakota;Kylie_Parisian43@gmail.com;program Rustic
4;Berkshire user-centric Wooden;Jerome.OConnell77@hotmail.com;cross-platform Automotive Run
5;PCI Rial Towels;Fleta.Little@yahoo.com;microchip
6;connect interactive secured;Leonardo.Renner9@yahoo.com;Frozen protocol payment
7;up;Celia_Feest@gmail.com;auxiliary Human
8;Romania;Melyssa_Boehm@yahoo.com;Investment reciprocal
9;open-source Refined;Jazmyn.Block66@hotmail.com;Kids concept hack
10;Alabama;Bonnie9@yahoo.com;connect customized
